<?xml version="1.0" encoding="UTF-8"?>

<Patient xmlns="http://hl7.org/fhir">
  <id value="PatientExample"/>
  <meta>
    <profile value="https://dwikler.github.io/my-use-case-ig/StructureDefinition/MyUseCasePatient"/>
  </meta>
  <text>
    <status value="generated"/><div xmlns="http://www.w3.org/1999/xhtml"><p class="res-header-id"><b>Generated Narrative: Patient PatientExample</b></p><a name="PatientExample"> </a><a name="hcPatientExample"> </a><div style="display: inline-block; background-color: #d9e0e7; padding: 6px; margin: 4px; border: 1px solid #8da1b4; border-radius: 5px; line-height: 60%"><p style="margin-bottom: 0px"/><p style="margin-bottom: 0px">Profile: <a href="StructureDefinition-MyUseCasePatient.html">MyUseCasePatient</a></p></div><p style="border: 1px #661aff solid; background-color: #e6e6ff; padding: 10px;">Jane Doe  Female, DoB: 1985-06-15 ( Medical Record Number: 12345 (use: official, ))</p><hr/></div>
  </text>
  <identifier>
    <use value="official"/>
    <type>
      <coding>
        <system value="http://terminology.hl7.org/CodeSystem/v2-0203"/>
        <code value="MR"/>
        <display value="Medical Record Number"/>
      </coding>
    </type>
    <system value="https://myHIS.myhospital.com/identifiers/patient"/>
    <value value="12345"/>
  </identifier>
  <name>
    <family value="Doe"/>
    <given value="Jane"/>
  </name>
  <gender value="female"/>
  <birthDate value="1985-06-15"/>
</Patient>