{
  "resourceType" : "Patient",
  "id" : "PatientExample",
  "meta" : {
    "profile" : ["https://dwikler.github.io/my-use-case-ig/StructureDefinition/MyUseCasePatient"]
  },
  "text" : {
    "status" : "generated",
    "div" : "<div xmlns=\"http://www.w3.org/1999/xhtml\"><p class=\"res-header-id\"><b>Generated Narrative: Patient PatientExample</b></p><a name=\"PatientExample\"> </a><a name=\"hcPatientExample\"> </a><div style=\"display: inline-block; background-color: #d9e0e7; padding: 6px; margin: 4px; border: 1px solid #8da1b4; border-radius: 5px; line-height: 60%\"><p style=\"margin-bottom: 0px\"/><p style=\"margin-bottom: 0px\">Profile: <a href=\"StructureDefinition-MyUseCasePatient.html\">MyUseCasePatient</a></p></div><p style=\"border: 1px #661aff solid; background-color: #e6e6ff; padding: 10px;\">Jane Doe  Female, DoB: 1985-06-15 ( Medical Record Number: 12345\u00a0(use:\u00a0official,\u00a0))</p><hr/></div>"
  },
  "identifier" : [{
    "use" : "official",
    "type" : {
      "coding" : [{
        "system" : "http://terminology.hl7.org/CodeSystem/v2-0203",
        "code" : "MR",
        "display" : "Medical Record Number"
      }]
    },
    "system" : "https://myHIS.myhospital.com/identifiers/patient",
    "value" : "12345"
  }],
  "name" : [{
    "family" : "Doe",
    "given" : ["Jane"]
  }],
  "gender" : "female",
  "birthDate" : "1985-06-15"
}